,Wars of the Worlds by HG Wells,books,4.99,100
,Hound of the Baskervilles by Sir Arthur Conan Doyle,books,4.99,100
,On the Origin of Species by Charles Darwin,books,4.99,124
,Heretics and Heresies by Robert Green Ingersoll,books,4.99,100
,Sorry I Barfed on Your Bed (and Other Heartwarming Letters from Kitty) by Jeremy Greenberg,books,4.99,45
,Francis Ford Coppola Cabernet Sauvignon,food and drinks,32.00,2000
,Francis Ford Coppola Claret,food and drinks,29.00,2000
,Francis Ford Coppola Pinot Noir,food and drinks,27.00,2000
,Francis Ford Coppola Merlot,food and drinks,29.00,2000
,big comfy reading chair,furniture,199.00,50
,medium comfy reading chair,furniture,149.00,47
,le petit comfy reading chair,furniture,99.00,97